{"accuracy": [0.4031890630722046, 0.5671981573104858, 0.6833713054656982, 0.7448747158050537, 0.7539863586425781, 0.7585421204566956, 0.7972665429115295, 0.8154897689819336, 0.8656036257743835, 0.8769931793212891, 0.8564920425415039, 0.8701594471931458, 0.8906605839729309, 0.9202733635902405, 0.9179954528808594, 0.9043279886245728, 0.9134396314620972, 0.9225512742996216, 0.927107036113739, 0.9225512742996216, 0.9316628575325012, 0.9362186789512634, 0.9589977264404297, 0.9476081728935242, 0.9703872203826904, 0.9544419050216675, 0.9703872203826904, 0.9635535478591919, 0.9476081728935242, 0.965831458568573, 0.9703872203826904, 0.9635535478591919, 0.9544419050216675], "val_accuracy": [0.7727272510528564, 0.9204545617103577, 0.8295454382896423, 0.9431818127632141, 0.8295454382896423, 0.9090909361839294, 0.9204545617103577, 0.9204545617103577, 0.9204545617103577, 0.8522727489471436, 0.9318181872367859, 0.8522727489471436, 0.9090909361839294, 0.8636363744735718, 0.875, 0.8977272510528564, 0.9431818127632141, 0.9431818127632141, 0.9090909361839294, 0.8977272510528564, 0.9090909361839294, 0.9090909361839294, 0.8977272510528564, 0.8977272510528564, 0.9204545617103577, 0.9204545617103577, 0.9090909361839294, 0.9090909361839294, 0.8863636255264282, 0.8977272510528564, 0.8863636255264282, 0.8863636255264282, 0.9090909361839294], "loss": [1.902754783630371, 1.2585817575454712, 1.018562912940979, 0.8761686086654663, 0.8698639273643494, 0.8605709075927734, 0.7379717826843262, 0.6783322691917419, 0.5849736332893372, 0.5825698971748352, 0.5503191351890564, 0.5630790591239929, 0.5137956142425537, 0.434834361076355, 0.4334092438220978, 0.49281421303749084, 0.4390178918838501, 0.4201885759830475, 0.41222649812698364, 0.4091668725013733, 0.37435266375541687, 0.3779635727405548, 0.3439209759235382, 0.3367069363594055, 0.3381715714931488, 0.3229970633983612, 0.3155687153339386, 0.3176789879798889, 0.3544406294822693, 0.30211442708969116, 0.3158310651779175, 0.31599870324134827, 0.32930615544319153], "val_loss": [0.7921103835105896, 0.5444044470787048, 0.584894597530365, 0.47181618213653564, 0.6744496822357178, 0.46576395630836487, 0.44175073504447937, 0.4672701954841614, 0.47124508023262024, 0.6168480515480042, 0.4422149360179901, 0.5363902449607849, 0.48839282989501953, 0.6662098169326782, 0.5441254377365112, 0.50909024477005, 0.4125823974609375, 0.392301470041275, 0.46462753415107727, 0.5231603980064392, 0.4933462142944336, 0.4353039562702179, 0.5233293175697327, 0.5006657838821411, 0.4567204713821411, 0.48227235674858093, 0.48617708683013916, 0.4424484968185425, 0.5168502926826477, 0.4794248342514038, 0.5148972272872925, 0.522695779800415, 0.48274776339530945], "phase_split": 33}