{"accuracy": [0.44565218687057495, 0.602173924446106, 0.636956512928009, 0.665217399597168, 0.7152174115180969, 0.760869562625885, 0.7630434632301331, 0.7739130258560181, 0.810869574546814, 0.813043475151062, 0.810869574546814, 0.834782600402832, 0.810869574546814, 0.8673912882804871, 0.8478260636329651, 0.897826075553894, 0.863043487071991, 0.884782612323761, 0.908695638179779, 0.8891304135322571, 0.893478274345398, 0.904347836971283, 0.9217391014099121, 0.9021739363670349, 0.926086962223053, 0.9239130616188049, 0.915217399597168, 0.7434782385826111, 0.886956512928009, 0.9021739363670349, 0.9434782862663269, 0.949999988079071, 0.9717391133308411, 0.95652174949646, 0.969565212726593, 0.9543478488922119, 0.9869565367698669, 0.9760869741439819, 0.9717391133308411, 0.97826087474823, 0.9760869741439819, 0.980434775352478, 0.991304337978363, 0.9826086759567261, 0.97826087474823], "val_accuracy": [0.5208333134651184, 0.6666666865348816, 0.7916666865348816, 0.7291666865348816, 0.7708333134651184, 0.8333333134651184, 0.8333333134651184, 0.7708333134651184, 0.75, 0.8333333134651184, 0.7708333134651184, 0.7916666865348816, 0.875, 0.8333333134651184, 0.9166666865348816, 0.875, 0.8958333134651184, 0.9583333134651184, 0.9166666865348816, 0.875, 0.875, 0.8541666865348816, 0.8541666865348816, 0.8958333134651184, 0.875, 0.875, 0.8541666865348816, 0.7916666865348816, 0.8958333134651184, 0.8541666865348816, 0.875, 0.875, 0.9375, 0.875, 0.8958333134651184, 0.9166666865348816, 0.9583333134651184, 0.9583333134651184, 0.9166666865348816, 0.9166666865348816, 0.8125, 0.9166666865348816, 0.9166666865348816, 0.8958333134651184, 0.9166666865348816], "loss": [1.2344602346420288, 0.7650734186172485, 0.7182417511940002, 0.665915310382843, 0.5804776549339294, 0.5334097743034363, 0.46526360511779785, 0.4777923822402954, 0.40381333231925964, 0.4123328924179077, 0.3725298345088959, 0.355037659406662, 0.3567019999027252, 0.30000850558280945, 0.31445467472076416, 0.2705051898956299, 0.32585445046424866, 0.2806053161621094, 0.21846787631511688, 0.22796951234340668, 0.24601055681705475, 0.22504757344722748, 0.20397372543811798, 0.1960844099521637, 0.19852198660373688, 0.17446795105934143, 0.20359866321086884, 0.617856502532959, 0.2718715965747833, 0.25469234585762024, 0.15806551277637482, 0.1430017352104187, 0.10720116645097733, 0.08910831063985825, 0.08414072543382645, 0.10641105473041534, 0.06371917575597763, 0.06279107183218002, 0.06831153482198715, 0.07198695093393326, 0.06994032859802246, 0.05919943377375603, 0.05058572441339493, 0.043577585369348526, 0.05406868830323219], "val_loss": [0.9148621559143066, 0.7814829349517822, 0.6264907717704773, 0.5911338925361633, 0.543868362903595, 0.4675191342830658, 0.41455504298210144, 0.4997861683368683, 0.43548592925071716, 0.3951129913330078, 0.42662885785102844, 0.4275929927825928, 0.3614940345287323, 0.3639492094516754, 0.2775208652019501, 0.29814818501472473, 0.30184873938560486, 0.25094977021217346, 0.25040102005004883, 0.24900852143764496, 0.27056884765625, 0.35469961166381836, 0.33909425139427185, 0.24984829127788544, 0.2764327824115753, 0.25897300243377686, 0.30447158217430115, 0.5638650059700012, 0.16808617115020752, 0.30508318543434143, 0.30507150292396545, 0.3023895025253296, 0.13207606971263885, 0.3643953502178192, 0.1740478128194809, 0.15342864394187927, 0.10725484043359756, 0.07077031582593918, 0.1227397620677948, 0.1680147796869278, 0.6608662605285645, 0.2834283709526062, 0.3523433208465576, 0.2645294666290283, 0.2634870111942291], "phase_split": 27}